id;label
100sharp;non_modifier
101sharp;non_modifier
102sharp;non_modifier
103sharp;non_modifier
104sharp;non_modifier
105sharp;non_modifier
106sharp;non_modifier
107sharp;non_modifier
108sharp;non_modifier
109sharp;non_modifier
10sharp;non_modifier
110sharp;non_modifier
111sharp;non_modifier
112sharp;non_modifier
113sharp;non_modifier
114sharp;non_modifier
115sharp;non_modifier
116sharp;non_modifier
117sharp;non_modifier
118sharp;non_modifier
119sharp;non_modifier
11sharp;non_modifier
120sharp;non_modifier
121sharp;non_modifier
122sharp;non_modifier
123sharp;non_modifier
124sharp;non_modifier
125sharp;non_modifier
126sharp;non_modifier
127sharp;non_modifier
128sharp;non_modifier
129sharp;non_modifier
12sharp;non_modifier
130sharp;non_modifier
131sharp;non_modifier
132sharp;non_modifier
133sharp;non_modifier
134sharp;non_modifier
135sharp;non_modifier
136sharp;non_modifier
137sharp;non_modifier
138sharp;non_modifier
139sharp;non_modifier
13sharp;non_modifier
140sharp;non_modifier
141sharp;non_modifier
142sharp;non_modifier
143sharp;non_modifier
144sharp;non_modifier
145sharp;non_modifier
146sharp;non_modifier
147sharp;non_modifier
148sharp;non_modifier
149sharp;non_modifier
14sharp;non_modifier
150sharp;non_modifier
151sharp;non_modifier
152sharp;non_modifier
153sharp;non_modifier
154sharp;non_modifier
155sharp;non_modifier
156sharp;non_modifier
157sharp;non_modifier
158sharp;non_modifier
159sharp;non_modifier
15sharp;non_modifier
160sharp;non_modifier
161sharp;non_modifier
162sharp;non_modifier
163sharp;non_modifier
164sharp;non_modifier
165sharp;non_modifier
166sharp;non_modifier
167sharp;non_modifier
168sharp;non_modifier
169sharp;non_modifier
16sharp;non_modifier
170sharp;non_modifier
171sharp;non_modifier
172sharp;non_modifier
173sharp;non_modifier
174sharp;non_modifier
175sharp;non_modifier
176sharp;non_modifier
177sharp;non_modifier
178sharp;non_modifier
179sharp;non_modifier
17sharp;non_modifier
180sharp;non_modifier
181sharp;non_modifier
182sharp;non_modifier
183sharp;non_modifier
184sharp;non_modifier
185sharp;non_modifier
186sharp;non_modifier
188sharp;non_modifier
189sharp;non_modifier
18sharp;non_modifier
190sharp;non_modifier
191sharp;non_modifier
192sharp;non_modifier
193sharp;non_modifier
194sharp;non_modifier
195sharp;non_modifier
196sharp;non_modifier
197sharp;non_modifier
198sharp;non_modifier
199sharp;non_modifier
19sharp;non_modifier
1sharp;non_modifier
200sharp;non_modifier
201sharp;non_modifier
202sharp;non_modifier
203sharp;non_modifier
204sharp;non_modifier
205sharp;non_modifier
206sharp;non_modifier
207sharp;non_modifier
208sharp;non_modifier
209sharp;non_modifier
20sharp;non_modifier
210sharp;non_modifier
211sharp;non_modifier
212sharp;non_modifier
213sharp;non_modifier
214sharp;non_modifier
215sharp;non_modifier
216sharp;non_modifier
217sharp;non_modifier
218sharp;non_modifier
219sharp;non_modifier
21sharp;non_modifier
220sharp;non_modifier
221sharp;non_modifier
222sharp;non_modifier
223sharp;non_modifier
224sharp;non_modifier
225sharp;non_modifier
226sharp;non_modifier
227sharp;non_modifier
228sharp;non_modifier
229sharp;non_modifier
22sharp;non_modifier
230sharp;non_modifier
231sharp;non_modifier
232sharp;non_modifier
233sharp;non_modifier
234sharp;non_modifier
235sharp;non_modifier
236sharp;non_modifier
237sharp;non_modifier
238sharp;non_modifier
239sharp;non_modifier
23sharp;non_modifier
240sharp;non_modifier
241sharp;non_modifier
242sharp;non_modifier
243sharp;non_modifier
244sharp;non_modifier
245sharp;non_modifier
246sharp;non_modifier
247sharp;non_modifier
248sharp;non_modifier
249sharp;non_modifier
24sharp;non_modifier
250sharp;non_modifier
251sharp;non_modifier
252sharp;non_modifier
253sharp;non_modifier
254sharp;non_modifier
255sharp;non_modifier
256sharp;non_modifier
257sharp;non_modifier
258sharp;non_modifier
259sharp;non_modifier
25sharp;non_modifier
260sharp;non_modifier
261sharp;non_modifier
262sharp;non_modifier
263sharp;non_modifier
264sharp;non_modifier
265sharp;non_modifier
266sharp;non_modifier
267sharp;non_modifier
268sharp;non_modifier
269sharp;non_modifier
26sharp;non_modifier
270sharp;non_modifier
271sharp;non_modifier
272sharp;non_modifier
273sharp;non_modifier
274sharp;non_modifier
275sharp;non_modifier
276sharp;non_modifier
277sharp;non_modifier
278sharp;non_modifier
279sharp;non_modifier
27sharp;non_modifier
280sharp;non_modifier
281sharp;non_modifier
282sharp;non_modifier
283sharp;non_modifier
284sharp;non_modifier
285sharp;non_modifier
286sharp;non_modifier
287sharp;non_modifier
288sharp;non_modifier
289sharp;non_modifier
28sharp;non_modifier
290sharp;non_modifier
291sharp;non_modifier
292sharp;non_modifier
293sharp;non_modifier
294sharp;non_modifier
295sharp;non_modifier
296sharp;non_modifier
297sharp;non_modifier
298sharp;non_modifier
299sharp;non_modifier
29sharp;non_modifier
2sharp;non_modifier
300sharp;non_modifier
301sharp;non_modifier
302sharp;non_modifier
303sharp;non_modifier
304sharp;non_modifier
305sharp;non_modifier
306sharp;non_modifier
307sharp;non_modifier
308sharp;non_modifier
309sharp;non_modifier
30sharp;non_modifier
310sharp;non_modifier
311sharp;non_modifier
312sharp;non_modifier
313sharp;non_modifier
314sharp;non_modifier
315sharp;non_modifier
316sharp;non_modifier
317sharp;non_modifier
318sharp;non_modifier
319sharp;non_modifier
31sharp;non_modifier
320sharp;non_modifier
321sharp;non_modifier
322sharp;non_modifier
323sharp;non_modifier
324sharp;non_modifier
325sharp;non_modifier
326sharp;non_modifier
327sharp;non_modifier
328sharp;non_modifier
329sharp;non_modifier
32sharp;non_modifier
330sharp;non_modifier
331sharp;non_modifier
332sharp;non_modifier
333sharp;non_modifier
334sharp;non_modifier
335sharp;non_modifier
336sharp;non_modifier
337sharp;non_modifier
338sharp;non_modifier
339sharp;non_modifier
33sharp;non_modifier
340sharp;non_modifier
341sharp;non_modifier
342sharp;non_modifier
343sharp;non_modifier
344sharp;non_modifier
345sharp;non_modifier
346sharp;non_modifier
347sharp;non_modifier
348sharp;non_modifier
349sharp;non_modifier
34sharp;non_modifier
350sharp;non_modifier
351sharp;non_modifier
352sharp;non_modifier
353sharp;non_modifier
354sharp;non_modifier
355sharp;non_modifier
356sharp;non_modifier
357sharp;non_modifier
358sharp;non_modifier
359sharp;non_modifier
35sharp;non_modifier
360sharp;non_modifier
361sharp;non_modifier
362sharp;non_modifier
363sharp;non_modifier
364sharp;non_modifier
365sharp;non_modifier
366sharp;non_modifier
367sharp;non_modifier
368sharp;non_modifier
369sharp;non_modifier
36sharp;non_modifier
370sharp;non_modifier
371sharp;non_modifier
372sharp;non_modifier
373sharp;non_modifier
374sharp;non_modifier
375sharp;non_modifier
376sharp;non_modifier
377sharp;non_modifier
378sharp;non_modifier
379sharp;non_modifier
37sharp;non_modifier
380sharp;non_modifier
381sharp;non_modifier
382sharp;non_modifier
383sharp;non_modifier
384sharp;non_modifier
385sharp;non_modifier
386sharp;non_modifier
387sharp;non_modifier
388sharp;non_modifier
389sharp;non_modifier
38sharp;non_modifier
390sharp;non_modifier
391sharp;non_modifier
392sharp;non_modifier
393sharp;non_modifier
394sharp;non_modifier
395sharp;non_modifier
396sharp;non_modifier
397sharp;non_modifier
398sharp;non_modifier
399sharp;non_modifier
39sharp;non_modifier
3sharp;non_modifier
400sharp;non_modifier
401sharp;non_modifier
402sharp;non_modifier
403sharp;non_modifier
404sharp;non_modifier
405sharp;non_modifier
406sharp;non_modifier
407sharp;non_modifier
408sharp;non_modifier
409sharp;non_modifier
40sharp;non_modifier
410sharp;non_modifier
411sharp;non_modifier
412sharp;non_modifier
413sharp;non_modifier
414sharp;non_modifier
415sharp;non_modifier
416sharp;non_modifier
417sharp;non_modifier
418sharp;non_modifier
419sharp;non_modifier
41sharp;non_modifier
420sharp;non_modifier
421sharp;non_modifier
422sharp;non_modifier
423sharp;non_modifier
424sharp;non_modifier
425sharp;non_modifier
426sharp;non_modifier
427sharp;non_modifier
428sharp;non_modifier
429sharp;non_modifier
42sharp;non_modifier
430sharp;non_modifier
431sharp;non_modifier
432sharp;non_modifier
433sharp;non_modifier
434sharp;non_modifier
435sharp;non_modifier
436sharp;non_modifier
437sharp;non_modifier
438sharp;non_modifier
439sharp;non_modifier
43sharp;non_modifier
440sharp;non_modifier
441sharp;non_modifier
442sharp;non_modifier
443sharp;non_modifier
444sharp;non_modifier
445sharp;non_modifier
446sharp;non_modifier
447sharp;non_modifier
448sharp;non_modifier
449sharp;non_modifier
44sharp;non_modifier
450sharp;non_modifier
451sharp;non_modifier
452sharp;non_modifier
453sharp;non_modifier
454sharp;non_modifier
455sharp;non_modifier
456sharp;non_modifier
457sharp;non_modifier
458sharp;non_modifier
459sharp;non_modifier
45sharp;non_modifier
460sharp;non_modifier
461sharp;non_modifier
462sharp;non_modifier
463sharp;non_modifier
464sharp;non_modifier
465sharp;non_modifier
466sharp;non_modifier
467sharp;non_modifier
468sharp;non_modifier
469sharp;non_modifier
46sharp;non_modifier
470sharp;non_modifier
471sharp;non_modifier
472sharp;non_modifier
473sharp;non_modifier
474sharp;non_modifier
475sharp;non_modifier
476sharp;non_modifier
477sharp;non_modifier
478sharp;non_modifier
479sharp;non_modifier
47sharp;non_modifier
480sharp;non_modifier
481sharp;non_modifier
482sharp;non_modifier
483sharp;non_modifier
484sharp;non_modifier
485sharp;non_modifier
486sharp;non_modifier
487sharp;non_modifier
488sharp;non_modifier
489sharp;non_modifier
48sharp;non_modifier
490sharp;non_modifier
491sharp;non_modifier
492sharp;non_modifier
493sharp;non_modifier
494sharp;non_modifier
495sharp;non_modifier
496sharp;non_modifier
497sharp;non_modifier
498sharp;non_modifier
499sharp;non_modifier
49sharp;non_modifier
4sharp;non_modifier
500sharp;non_modifier
501sharp;non_modifier
502sharp;non_modifier
503sharp;non_modifier
504sharp;non_modifier
505sharp;non_modifier
506sharp;non_modifier
507sharp;non_modifier
508sharp;non_modifier
509sharp;non_modifier
50sharp;non_modifier
510sharp;non_modifier
511sharp;non_modifier
512sharp;non_modifier
513sharp;non_modifier
514sharp;non_modifier
515sharp;non_modifier
516sharp;non_modifier
517sharp;non_modifier
518sharp;non_modifier
519sharp;non_modifier
51sharp;non_modifier
520sharp;non_modifier
521sharp;non_modifier
522sharp;non_modifier
523sharp;non_modifier
524sharp;non_modifier
525sharp;non_modifier
526sharp;non_modifier
527sharp;non_modifier
528sharp;non_modifier
529sharp;non_modifier
52sharp;non_modifier
530sharp;non_modifier
531sharp;non_modifier
532sharp;non_modifier
533sharp;non_modifier
534sharp;non_modifier
535sharp;non_modifier
536sharp;non_modifier
537sharp;non_modifier
538sharp;non_modifier
539sharp;non_modifier
53sharp;non_modifier
540sharp;non_modifier
541sharp;non_modifier
542sharp;non_modifier
543sharp;non_modifier
544sharp;non_modifier
545sharp;non_modifier
546sharp;non_modifier
547sharp;non_modifier
548sharp;non_modifier
549sharp;non_modifier
54sharp;non_modifier
550sharp;non_modifier
551sharp;non_modifier
552sharp;non_modifier
553sharp;non_modifier
554sharp;non_modifier
555sharp;non_modifier
556sharp;non_modifier
557sharp;non_modifier
558sharp;non_modifier
559sharp;non_modifier
55sharp;non_modifier
560sharp;non_modifier
561sharp;non_modifier
562sharp;non_modifier
563sharp;non_modifier
564sharp;non_modifier
565sharp;non_modifier
566sharp;non_modifier
567sharp;non_modifier
568sharp;non_modifier
569sharp;non_modifier
100blur;modifier
101blur;modifier
102blur;modifier
103blur;modifier
104blur;modifier
105blur;modifier
106blur;modifier
107blur;modifier
108blur;modifier
109blur;modifier
10blur;modifier
110blur;modifier
111blur;modifier
112blur;modifier
113blur;modifier
114blur;modifier
115blur;modifier
116blur;modifier
117blur;modifier
118blur;modifier
119blur;modifier
11blur;modifier
120blur;modifier
121blur;modifier
122blur;modifier
123blur;modifier
124blur;modifier
125blur;modifier
126blur;modifier
127blur;modifier
128blur;modifier
129blur;modifier
12blur;modifier
130blur;modifier
131blur;modifier
132blur;modifier
133blur;modifier
134blur;modifier
135blur;modifier
136blur;modifier
137blur;modifier
138blur;modifier
139blur;modifier
13blur;modifier
140blur;modifier
141blur;modifier
142blur;modifier
143blur;modifier
144blur;modifier
145blur;modifier
146blur;modifier
147blur;modifier
148blur;modifier
149blur;modifier
14blur;modifier
150blur;modifier
151blur;modifier
152blur;modifier
153blur;modifier
154blur;modifier
155blur;modifier
156blur;modifier
157blur;modifier
158blur;modifier
159blur;modifier
15blur;modifier
160blur;modifier
161blur;modifier
162blur;modifier
163blur;modifier
164blur;modifier
165blur;modifier
166blur;modifier
167blur;modifier
168blur;modifier
169blur;modifier
16blur;modifier
170blur;modifier
171blur;modifier
172blur;modifier
173blur;modifier
174blur;modifier
175blur;modifier
176blur;modifier
177blur;modifier
178blur;modifier
179blur;modifier
17blur;modifier
180blur;modifier
181blur;modifier
182blur;modifier
183blur;modifier
184blur;modifier
185blur;modifier
186blur;modifier
187blur;modifier
188blur;modifier
189blur;modifier
18blur;modifier
190blur;modifier
191blur;modifier
192blur;modifier
193blur;modifier
194blur;modifier
195blur;modifier
196blur;modifier
197blur;modifier
198blur;modifier
199blur;modifier
19blur;modifier
1blur;modifier
200blur;modifier
201blur;modifier
202blur;modifier
203blur;modifier
204blur;modifier
205blur;modifier
206blur;modifier
207blur;modifier
208blur;modifier
209blur;modifier
20blur;modifier
210blur;modifier
211blur;modifier
212blur;modifier
213blur;modifier
214blur;modifier
215blur;modifier
216blur;modifier
217blur;modifier
218blur;modifier
219blur;modifier
21blur;modifier
220blur;modifier
221blur;modifier
222blur;modifier
223blur;modifier
224blur;modifier
225blur;modifier
226blur;modifier
227blur;modifier
228blur;modifier
229blur;modifier
22blur;modifier
230blur;modifier
231blur;modifier
232blur;modifier
233blur;modifier
234blur;modifier
235blur;modifier
236blur;modifier
237blur;modifier
238blur;modifier
239blur;modifier
23blur;modifier
240blur;modifier
241blur;modifier
242blur;modifier
243blur;modifier
244blur;modifier
245blur;modifier
246blur;modifier
247blur;modifier
248blur;modifier
249blur;modifier
24blur;modifier
250blur;modifier
251blur;modifier
252blur;modifier
253blur;modifier
254blur;modifier
255blur;modifier
256blur;modifier
257blur;modifier
258blur;modifier
259blur;modifier
25blur;modifier
260blur;modifier
261blur;modifier
262blur;modifier
263blur;modifier
264blur;modifier
265blur;modifier
266blur;modifier
267blur;modifier
268blur;modifier
269blur;modifier
26blur;modifier
270blur;modifier
271blur;modifier
272blur;modifier
273blur;modifier
274blur;modifier
275blur;modifier
276blur;modifier
277blur;modifier
278blur;modifier
279blur;modifier
27blur;modifier
280blur;modifier
281blur;modifier
282blur;modifier
283blur;modifier
284blur;modifier
285blur;modifier
286blur;modifier
287blur;modifier
288blur;modifier
289blur;modifier
28blur;modifier
290blur;modifier
291blur;modifier
292blur;modifier
293blur;modifier
294blur;modifier
295blur;modifier
296blur;modifier
297blur;modifier
298blur;modifier
299blur;modifier
29blur;modifier
2blur;modifier
300blur;modifier
301blur;modifier
302blur;modifier
303blur;modifier
304blur;modifier
305blur;modifier
306blur;modifier
307blur;modifier
308blur;modifier
309blur;modifier
30blur;modifier
310blur;modifier
311blur;modifier
312blur;modifier
313blur;modifier
314blur;modifier
315blur;modifier
316blur;modifier
317blur;modifier
318blur;modifier
319blur;modifier
31blur;modifier
320blur;modifier
321blur;modifier
322blur;modifier
323blur;modifier
324blur;modifier
325blur;modifier
326blur;modifier
327blur;modifier
328blur;modifier
329blur;modifier
32blur;modifier
330blur;modifier
331blur;modifier
332blur;modifier
333blur;modifier
334blur;modifier
335blur;modifier
336blur;modifier
337blur;modifier
338blur;modifier
339blur;modifier
33blur;modifier
340blur;modifier
341blur;modifier
342blur;modifier
343blur;modifier
344blur;modifier
345blur;modifier
346blur;modifier
347blur;modifier
348blur;modifier
349blur;modifier
34blur;modifier
350blur;modifier
351blur;modifier
352blur;modifier
353blur;modifier
354blur;modifier
355blur;modifier
356blur;modifier
357blur;modifier
358blur;modifier
359blur;modifier
35blur;modifier
360blur;modifier
361blur;modifier
362blur;modifier
363blur;modifier
364blur;modifier
365blur;modifier
366blur;modifier
367blur;modifier
368blur;modifier
369blur;modifier
36blur;modifier
370blur;modifier
371blur;modifier
372blur;modifier
373blur;modifier
374blur;modifier
375blur;modifier
376blur;modifier
377blur;modifier
378blur;modifier
379blur;modifier
37blur;modifier
380blur;modifier
381blur;modifier
382blur;modifier
383blur;modifier
384blur;modifier
385blur;modifier
386blur;modifier
387blur;modifier
388blur;modifier
389blur;modifier
38blur;modifier
390blur;modifier
391blur;modifier
392blur;modifier
393blur;modifier
394blur;modifier
395blur;modifier
396blur;modifier
397blur;modifier
398blur;modifier
399blur;modifier
39blur;modifier
3blur;modifier
400blur;modifier
401blur;modifier
402blur;modifier
403blur;modifier
404blur;modifier
405blur;modifier
406blur;modifier
407blur;modifier
408blur;modifier
409blur;modifier
40blur;modifier
410blur;modifier
411blur;modifier
412blur;modifier
413blur;modifier
414blur;modifier
415blur;modifier
416blur;modifier
417blur;modifier
418blur;modifier
419blur;modifier
41blur;modifier
420blur;modifier
421blur;modifier
422blur;modifier
423blur;modifier
424blur;modifier
425blur;modifier
426blur;modifier
427blur;modifier
428blur;modifier
429blur;modifier
42blur;modifier
430blur;modifier
431blur;modifier
432blur;modifier
433blur;modifier
434blur;modifier
435blur;modifier
436blur;modifier
437blur;modifier
438blur;modifier
439blur;modifier
43blur;modifier
440blur;modifier
441blur;modifier
442blur;modifier
443blur;modifier
444blur;modifier
445blur;modifier
446blur;modifier
447blur;modifier
448blur;modifier
449blur;modifier
44blur;modifier
450blur;modifier
451blur;modifier
452blur;modifier
453blur;modifier
454blur;modifier
455blur;modifier
456blur;modifier
457blur;modifier
458blur;modifier
459blur;modifier
45blur;modifier
460blur;modifier
461blur;modifier
462blur;modifier
463blur;modifier
464blur;modifier
465blur;modifier
466blur;modifier
467blur;modifier
468blur;modifier
469blur;modifier
46blur;modifier
470blur;modifier
471blur;modifier
472blur;modifier
473blur;modifier
474blur;modifier
475blur;modifier
476blur;modifier
477blur;modifier
478blur;modifier
479blur;modifier
47blur;modifier
480blur;modifier
481blur;modifier
482blur;modifier
483blur;modifier
484blur;modifier
485blur;modifier
486blur;modifier
487blur;modifier
488blur;modifier
489blur;modifier
48blur;modifier
490blur;modifier
491blur;modifier
492blur;modifier
493blur;modifier
494blur;modifier
495blur;modifier
496blur;modifier
497blur;modifier
498blur;modifier
499blur;modifier
49blur;modifier
4blur;modifier
500blur;modifier
501blur;modifier
502blur;modifier
503blur;modifier
504blur;modifier
505blur;modifier
506blur;modifier
507blur;modifier
508blur;modifier
509blur;modifier
50blur;modifier
510blur;modifier
511blur;modifier
512blur;modifier
513blur;modifier
514blur;modifier
515blur;modifier
516blur;modifier
517blur;modifier
518blur;modifier
519blur;modifier
51blur;modifier
520blur;modifier
521blur;modifier
522blur;modifier
523blur;modifier
524blur;modifier
525blur;modifier
526blur;modifier
527blur;modifier
528blur;modifier
529blur;modifier
52blur;modifier
530blur;modifier
531blur;modifier
532blur;modifier
533blur;modifier
534blur;modifier
535blur;modifier
536blur;modifier
537blur;modifier
538blur;modifier
539blur;modifier
53blur;modifier
540blur;modifier
541blur;modifier
542blur;modifier
543blur;modifier
544blur;modifier
545blur;modifier
546blur;modifier
547blur;modifier
548blur;modifier
549blur;modifier
54blur;modifier
550blur;modifier
551blur;modifier
552blur;modifier
553blur;modifier
554blur;modifier
555blur;modifier
556blur;modifier
557blur;modifier
558blur;modifier
559blur;modifier
55blur;modifier
560blur;modifier
561blur;modifier
562blur;modifier
563blur;modifier
564blur;modifier
565blur;modifier
566blur;modifier
567blur;modifier
568blur;modifier
569blur;modifier
56blur;modifier
